49,55615;14,33615;PETROVICE U SEDLCAN
50,379825;14,74438667;VELKE VSELISY
49,06545667;16,47436333;DOLNI KOUNICE
49,14298333;14,34746333;DRITEN
50,122075;16,19831167;KOSTELEC NAD ORLICI
48,73934333;16,75528167;VALTICE
50,30184667;12,60191333;SINDELOVA
49,66901833;13,39527333;STENOVICE
50,10585333;13,24659333;CHYSE
50,37619833;15,57769;HOLOVOUSY V PODKRKO
50,16614833;16,46349;ROKYTNICE V ORLICKY
49,91786167;15,81089333;SLATINANY
50,234685;13,726055;DOMOUSICE
49,10004667;16,01758333;KRHOV U HROTOVIC
49,00237167;14,76897167;TREBON
50,08021167;14,255045;HOSTIVICE
49,87260833;13,51272167;KACEROV
49,03563;16,6132;ZIDLOCHOVICE
49,36159333;15,15899167;BOZEJOV
49,44062167;13,37340333;MECHOLUPY U PREDSLA
50,52932;14,97113;MNICHOVO HRADISTE
50,08544667;12,83888667;BECOV NAD TEPLOU
50,301655;12,93904;OSTROV NAD OHRI
49,71221167;16,82689167;VRANOVA LHOTA
50,06763667;13,63599167;PETROVICE U RAKOVNI
50,29957333;15,87275;SMIRICE
49,69976667;14,49494667;SUCHDOL U PROSENICK
49,84376833;15,54225833;MORAVANY U RONOVA
49,18152167;17,09799833;CHVALKOVICE
50,416045;15,98261333;CHVALKOVICE V CECHA
49,12839167;16,077145;DALESICE
49,91503;14,35956;TRNOVA U JILOVISTE
50,41922167;16,16210667;NACHOD
49,46017;17,893725;BRANKY
49,71008833;12,77772667;BOR U TACHOVA
50,60347833;13,81379;KREMYZ
49,40781333;15,12785667;PROSEC-OBORISTE
50,76700667;13,940015;KRASNY LES V KRUSNY
49,94316167;13,512465;LEDNICE
50,024765;13,76524667;SKRIVAN
49,26730833;15,671755;KNEZICE U TREBICE
49,18356;16,38492333;ROSICE U BRNA
49,15824;15,80272333;CASLAVICE
49,68672;14,276675;HRIMEZDICE
50,42656;14,76277167;SKALSKO
49,89520333;14,06878167;SUCHOMASTY
48,845215;16,11442667;DYJE
50,64748833;15,19842667;SNEHOV
50,16007667;13,31582167;VESCE U DRAHONIC
50,49771333;13,96022667;VLASTISLAV
50,569875;14,2872;LIBESICE U LITOMERI
49,052195;15,80765833;MORAVSKE BUDEJOVICE
49,1815;13,47276833;DOLEJSI KRUSEC
50,84689333;14,87582167;GRABSTEJN
49,81448;17,771545;RADKOV U VITKOVA
49,526345;16,23696167;DOMANINEK
49,09890833;14,85668;HATIN
49,48398833;13,04550833;LSTENI NAD ZUBRINOU
49,89368;13,70084667;TERESOV
49,79875167;13,25056333;CEMINY
49,512505;13,04547;OSVRACIN
49,62646667;14,763495;ODLOCHOVICE
49,24143;13,45058167;SVOJSICE U SUSICE
49,65247333;13,198985;CHOTESOV
49,833835;16,40898167;JANOV U LITOMYSLE
49,80875;15,52757167;KLASTER U VILEMOVA
49,74836833;14,631145;TVORSOVICE
50,43911167;16,89233167;BILA VODA U JAVORNI
49,19079;15,16546167;CESKA OLESNA
49,89749833;15,42307167;FILIPOV U CASLAVI
48,96110833;16,43351833;BRANISOVICE
50,56386667;14,65340167;DOKSY U MACHOVA JEZ
49,79870833;13,53346667;BUSOVICE
50,11272;17,59815;HOSTALKOVY
49,41903667;14,30484333;KVETOV
50,404565;15,677255;MILETIN
49,315675;13,96492667;OSEK U RADOMYSLE
49,77727167;13,12037333;PNOVANY
50,31695333;14,66094833;KOSATKY
49,22402833;14,421895;TYN NAD VLTAVOU
49,719015;15,45810167;ZBOZI
49,53490667;12,91161167;HORSOV
49,81269833;15,18046667;ZBRASLAVICE
49,67146333;18,05071333;BARTOSOVICE
50,82376167;14,26458833;BYNOVEC
49,63151;16,34863833;BYSTRE U POLICKY
49,66704333;15,40788;SVETLA NAD SAZAVOU
48,98930333;14,54658;RUDOLFOV U CESKYCH
49,47497667;17,28229833;VEROVANY
48,8559;16,0424;ZNOJMO MESTO
48,83407833;16,40153167;HRUSOVANY NAD JEVIS
50,34193;13,47365833;NOVE SEDLO U ZATCE
49,10897333;17,67143833;VELKY ORECHOV
49,04889167;16,30665667;MORAVSKY KRUMLOV
49,30561;15,67398167;BRTNICE
49,98581833;13,75348333;HREBECNIKY
49,209695;13,73044333;STRASICE V POSUMAVI
50,662615;15,81830667;HORNI MARSOV
49,89591167;14,29173833;RITKA
48,96020667;17,13879;MILOTICE U KYJOVA
50,66141333;14,13950167;VELKE BREZNO
49,48167167;16,63042;LHOTA RAPOTINA
49,94054333;16,93132167;BLUDOV
49,11856333;16,47295833;PRSTICE
50,14265333;13,17301;VERUSICKY
48,91501667;15,63474167;UHERCICE U ZNOJMA
49,70586;14,88845333;VLASIM
49,75755167;13,30484;KRIMICE
50,52994333;14,43812667;SUKORADY
49,219565;17,84956;VIZOVICE
49,86481833;18,35098167;RYCHVALD
49,69706333;14,43393167;OSECANY
50,257795;13,910365;BILICHOV
49,39064667;17,48179667;PRESTAVLKY U PREROV
49,56215833;15,45706667;VEZ
50,26511167;13,43167167;KASTICE
49,98603333;15,61929167;CHOLTICE
49,69240667;18,071705;NOVA HORKA
50,18859333;14,03663833;SMECNO
49,65329;14,47302333;KOSOVA HORA
50,01925;17,0813;SOBOTIN
49,26664333;13,85633;STRELA
50,65720833;15,33729;JESENNY
49,99714833;14,96077167;KOURIM
50,15400333;14,19408333;BUSTEHRAD
50,26459667;13,28117833;MASTOV
50,33903333;13,35602167;POLAKY
50,39119667;15,72791;BILE POLICANY
49,07833167;17,89351;HRADEK NA VLARSKE D
49,51051;16,960455;PTENI
49,26673;13,62587333;ZICHOVICE
49,021125;16,01702;SLATINA U JEVISOVIC
49,14356167;15,16633667;STRIZOVICE U KUNZAK
49,91151167;15,22159;MALESOV
49,47881667;14,682005;CHOTOVINY
49,08172167;16,19425;DUKOVANY
49,50272;14,47504;NADEJKOV
49,47169333;17,55704833;PAVLOVICE U PREROVA
49,558125;15,11122833;KOSETICE
49,95504833;13,69084167;ZVIKOVEC
49,429185;17,59244333;DREVOHOSTICE
49,75645833;15,48726833;HABRY
49,94030667;13,70196833;PODMOKLY NAD BEROUN
49,193065;15,61114833;SEDLATICE
50,20455833;13,90223333;MSEC
49,51284833;14,16863;ORLIK NAD VLTAVOU
48,84603;14,23006333;CHVALSINY
50,147845;15,33941333;KNEZICKY
50,54213;13,933765;MILESOV U LOVOSIC
50,66993167;13,76961833;MSTISOV
49,73077333;18,295675;PASKOV
50,54698;13,77861;BILINA
49,46903167;13,68066667;ZIVOTICE U KASEJOVI
49,41927167;14,05757;CERHONICE
49,11573167;13,853325;LCOVICE
49,87835833;17,81716333;STABLOVICE
50,299445;13,31128833;VILEMOV U KADANE
49,04161667;14,41989333;HLUBOKA NAD VLTAVOU
49,61410833;13,60754833;SPALENE PORICI
49,61485833;14,69580167;NEUSTUPOV
50,130895;12,23509;LIBA
49,33215333;13,54959167;NALZOVSKE HORY
50,31854167;12,73357833;NEJDEK
50,12857667;13,08712;UDRC
49,74997833;15,68331;HRANICE U MALCE
50,29895;15,07771;MCELY
50,21309833;15,75074167;STEZERY
49,08665667;15,58800167;BUDEC
49,08335167;13,9596;VLACHOVO BREZI
49,99946667;13,71094333;SLABCE
49,47800167;14,33316167;NEZOVICE
49,63829;14,647635;VOTICE
48,89735667;14,6397;BOROVANY
49,189375;13,42829167;DOLEJSI TESOV
49,62955667;15,49124833;OKROUHLICE
49,26509833;16,30904833;LESNI HLUBOKE
50,64190833;13,99035333;TRMICE
49,72894833;18,188;STARA VES NAD ONDRE
49,90380833;14,0366;TMAN
49,167165;13,799675;CESTICE
49,33769;14,04832167;DRHOVLE
49,21445833;13,48749333;DOLNI STANKOV
50,51518;14,05254333;LOVOSICE
49,83623667;15,59387;BESTVINA
49,54080833;14,08291667;ZALUZANY
49,81379333;13,14569333;LUHOV U LISTAN
50,08446;16,46815167;ZAMBERK
49,72892833;15,05541167;SOUTICE
49,82932833;18,04760333;KYJOVICE VE SLEZSKU
50,1298;13,69753667;OLESNA U RAKOVNIKA
49,27574167;16,0123;BUDISOV
49,710345;16,97733667;BILA LHOTA
49,994895;14,86202833;KOSTELEC N. C. LESY
49,376485;13,88407333;CEKANICE
49,346445;13,26513833;TYNEC U JANOVIC NAD
50,15934667;12,27894833;HAZLOV
49,30028833;17,39335333;KROMERIZ
49,11156833;14,18015167;LIBEJOVICE
49,37498333;14,22381833;VLASTEC
50,14237333;14,31953667;STATENICE
49,84851167;17,76372333;MELC
49,51428667;14,04939;HOROSEDLY
49,25304;17,49765333;TLUMACOV NA MORAVE
50,47069833;15,17032167;SOBOTKA
50,31253333;14,58647;LIBLICE
49,56192333;13,20107667;MERKLIN U PRESTIC
50,51395667;14,928505;PTYROV
49,72528;15,674395;CHOTEBOR
48,99052667;16,78606333;DIVAKY
50,31349833;13,38383167;LIBEDICE
50,24200167;14,79369167;STARA LYSA - BON RE
49,47896667;13,50412333;ZINKOVY
49,43023667;17,29146667;TOVACOV
49,18474;15,45081167;TELC
49,91033;15,26625333;KRESETICE
50,15291;14,521555;CAKOVICE
49,65655167;12,91314667;PROSTIBOR
49,96253667;14,45706333;DOLNI BREZANY
50,408685;14,44477833;LIBECHOV
49,20430833;16,69764167;VEVERI - ZAMEK
49,9776;15,15613833;RATBOR
50,42538;14,26146167;ROUDNICE NAD LABEM
49,84864;13,15808667;CHRANCOVICE
49,57419667;15,74501167;PRIBYSLAV
49,86052833;18,48209333;DOUBRAVA
49,27340333;17,71732667;STIPA
50,76471167;14,75195667;JABLONNE V PODJESTE
49,62730333;16,75446167;JAROMERICE
50,166235;16,27698;RYCHNOV NAD KNEZNOU
49,572115;14,10257833;BUKOVANY
49,47551333;16,20865333;DOLNI ROZINKA
48,955485;16,09371;MIKULOVICE U ZNOJMA
49,63786167;16,22260667;JIMRAMOV
50,252945;17,53634667;JINDRICHOV
48,85562167;14,48890167;RIMOV
49,51055333;15,17752167;CERVENA RECICE
49,40626833;13,67794167;DEFUROVY LAZANY
50,04613667;14,84707833;TUCHORAZ
49,434035;13,67448167;OSELCE
50,33585833;15,72461667;CEREKVICE NAD BYSTR
50,34098667;17,125985;KOBYLA
49,857115;13,335465;TRNOVA U PLZNE
49,29196333;14,80718833;TUCAPY U SOBESLAVI
49,37631333;15,19129167;LIBKOVA VODA
49,61219833;15,41092167;LIPNICE NAD SAZAVOU
49,25183833;14,41822;KOLODEJE NAD LUZNIC
49,60649;15,06986833;CERNICI
50,445485;14,47580667;TUPADLY
49,74324;15,60356833;NEJEPIN
49,61945;17,911395;JESENIK NAD ODROU
50,17042;15,07346667;KOVANICE
49,67167833;14,58;VRCHOTOVY JANOVICE
50,30528;13,602855;DOBRICANY
49,09300833;16,30776167;HRUBSICE
49,59569667;18,00637667;NOVY JICIN-DOLNI PR
50,46383167;14,09276667;VRBICANY U LOVOSIC
49,84394;15,805925;NASAVRKY
49,78649833;14,31044833;SUDOVICE
49,41317833;17,46887833;HORNI MOSTENICE
48,963125;15,46245833;PISECNE U SLAVONIC
49,373245;13,940685;SEDLICE U BLATNE
49,97249333;15,322505;NOVE DVORY U KUTNE
49,8878;15,48320167;ZLEBY
48,97715833;17,26214;BZENEC
49,03972833;16,77161167;TESANY
49,53638833;13,40216167;UJEZD U HORSIC
49,39191333;14,42307;ZBESICKY
49,835165;15,25382;CERVENE JANOVICE
50,04070833;15,77618;PARDUBICE
49,71684667;15,16889;KOUNICE NAD SAZAVOU
49,46901;13,17676;CHUDENICE
49,48592;12,98526667;NAHOSICE
49,42174;15,86099667;CERNA
50,1875;14,66612;BRANDYS NAD LABEM
49,53003667;17,50405833;VESELICKO U LIPNIKA
49,39893;15,24343333;PAVLOV U RYNARCE
49,61202667;14,501385;BOLECHOVICE
49,858275;13,76240833;ZBIROH
50,01397167;15,47183;ZDECHOVICE
49,500125;13,29435833;CERVENE PORICI
49,687815;15,32167333;VILEMOVICE U LEDC N
49,75240167;18,49267833;HORNI TERLICKO
49,71884333;15,782445;NOVY STUDENEC
49,03251833;17,30260833;ORECHOV U UH HRADIS
49,90496667;14,150455;LITEN
49,31458;13,40458167;MLAZOVY
49,98946667;16,13229167;ZAMRSK
49,6458;14,29848;SKRYSOV U SVATEHO J
49,73152333;14,33058167;CELINA
50,36935333;14,792045;BEZNO
49,319945;17,11591;CHVALKOVICE NA HANE
49,29850833;14,74819;MYSLKOVICE
50,00826333;13,33430667;CERNA HAT
49,98150667;15,34572833;KACINA
48,80189167;16,803675;LEDNICE NA MORAVE -
49,28069833;17,204675;UHRICE U KROMERIZE
49,42309167;14,52308833;OLTYNE
49,61016;16,668175;VELKE OPATOVICE
49,62766833;14,52532;VYSOKA U KOSOVY HOR
50,61495833;15,50456333;JILEMNICE
50,373345;15,34139833;JICINEVES
50,35866667;15,51123667;OBORA U CHOMUTIC
49,471715;16,087375;RADESIN NAD BOBRUVK
50,34388333;17,04775;VLCICE U JAVORNIKA
49,886835;15,36921333;ZAKY
49,91262667;16,611205;LANSKROUN
50,10879333;16,26369167;DOUDLEBY NAD ORLICI
49,383245;15,36317333;NOVY RYCHNOV
49,74588;14,812065;CHOTYCANY
49,5816;15,93504167;ZAMEK ZDAR
49,54271833;16,57496833;LETOVICE
49,75849667;15,65037833;NOVA VES U CHOTEBOR
49,39268667;13,37348833;OBYTCE
49,71837;14,11617667;DLOUHA LHOTA U DOBR
49,29614833;13,39301;JINDRICHOVICE U MAL
49,69852167;14,37402833;NALZOVICE
49,36032833;15,65089333;PUKLICE
49,52862;13,18790167;PTENIN
50,31116;17,70216667;SLEZSKE PAVLOVICE
49,58481833;13,021015;CECOVICE U BUKOVCE
48,758655;16,234815;JAROSLAVICE
49,37818;15,927745;STRANECKA ZHOR
49,59739167;17,06446667;NAMEST NA HANE
49,40418667;16,415275;LOMNICE U TISNOVA
49,54705167;13,31737667;LUZANY U PRESTIC
50,41482167;16,05252667;RATIBORICE U CESKE
49,57808;14,00489667;STAROSEDLSKY HRADEK
50,26577667;15,40248833;HLUSICE
50,53299;15,36969667;LOMNICE NAD POPELKO
50,29088333;14,82351833;NOVE BENATKY
49,32247667;13,69994;HORAZDOVICE
49,80692667;15,66726;KLOKOCOV
49,85576333;13,60371833;RADNICE U ROKYCAN
49,85190167;13,9805;LOCHOVICE
50,32347667;13,62376;STEKNIK
49,23203167;13,760225;TAZOVICE
49,89267167;13,62129833;SVINNA U HLOHOVIC
49,13684667;16,65282667;VEVERI - BRNO (USTA
49,80885667;13,85682333;KOMAROV U HOROVIC
49,81651833;15,47892667;GOLCUV JENIKOV
50,117805;14,69052833;JIRNY
48,99687833;16,85802167;KLOBOUKY U BRNA
50,379245;14,85530667;KRNSKO
50,064655;15,276585;BYCHORY
49,47568333;15,47621167;VETRNY JENIKOV
49,32676833;17,17403333;NEZAMYSLICE NAD HAN
50,50123167;14,808165;BELA POD BEZDEZEM
49,81379333;13,60548833;BREZINA U ROKYCAN
50,29620333;14,48122;OBRISTVI
49,03174667;17,644895;UHERSKY BROD
49,04191667;16,491235;KUPAROVICE
49,90728333;15,32991333;KLUKY U CASLAVI
49,55529167;13,01868667;PUCLICE
49,50188333;15,59000667;STOKY
49,61174667;16,86427667;JESENEC
49,43062333;15,2199;PELHRIMOV
48,93297667;16,47610167;VLASATICE
49,63131667;16,70790833;JEVICKO PREDMESTI
50,13883333;17,61476333;LINHARTOVY
49,52997167;17,86755667;HUSTOPECE NAD BECVO
49,08961833;17,87660667;SLAVICIN
49,23018667;14,37895167;VSEMYSLICE
50,34418333;16,14975833;NOVE MESTO NAD METU
49,32155333;14,28864833;CHRESTOVICE
49,91749833;18,11618167;DOLNI BENESOV
50,40478;14,12355833;BUDYNE NAD OHRI
49,30432333;14,78724333;BRANDLIN U TUCAP
49,73085833;13,14425667;ROCHLOV
49,99528167;13,89545167;ROZTOKY
50,37016833;13,434605;BREZNO U CHOMUTOVA
49,29546167;14,83841;BUDISLAV
50,51191833;13,44512;CERVENY HRADEK U JI
49,45128667;13,797535;LNARE
49,44592167;17,19433333;HRUBCICE
50,730335;14,39873667;VELKA BUKOVINA
49,65831;15,604915;DOLNI KRUPA U HAVL
49,30565333;13,15546333;BYSTRICE NAD UHLAVO
50,383945;13,17237167;KLASTEREC NAD OHRI
49,22448;17,98611;POZDECHOV
50,340965;15,68196333;JERICE
49,84291;13,09450167;KRUKANICE
49,98041167;17,78813667;STEMPLOVEC
48,90521;16,94714667;CEJKOVICE
50,739755;14,58833667;SLOUP V CECHACH
49,50089667;16,51373333;KUNSTAT NA MORAVE
50,23717333;14,12309167;BLAHOTICE
48,98561167;17,39194833;UHERSKY OSTROH
50,364825;13,84243;VRSOVICE U LOUN
49,22557333;14,89240167;PLUHUV ZDAR
49,96579833;15,41147333;ZEHUSICE
48,921905;15,98444167;KRAVSKO
49,69109833;15,29811333;OSTROV U LEDCE N S
49,60131833;13,344725;DOLNI LUKAVICE
50,03839;15,287685;KONAROVICE
50,00221333;16,285515;BRANDYS NAD ORLICI
49,07597;15,53229167;BUDISKOVICE
49,18190667;14,542455;BZI U DOLNIHO BUKOV
50,39289167;14,453625;DOLNI BERKOVICE
50,56494;14,03904667;LIBOCHOVANY
49,95344;15,16598833;SUCHDOL U KUTNE HOR
49,47214333;17,10873333;PROSTEJOV
50,59929333;15,15757667;DALIMERICE
50,277515;13,62713;LICKOV
49,39174167;16,11096667;KRIZANOV
49,2289;17,77378167;KLECUVKA
49,46336667;14,77306;RATIBORSKE HORY
48,94904833;16,15856;HORNI DUNAJOVICE
49,89044;15,83804667;LUKAVICE
49,84007833;13,55982167;VRANOVICE U BRAS
50,30616;13,27217167;VINTIROV U RADONIC
49,50503833;14,589125;KAMENNA LHOTA U BOR
50,25232333;13,370925;KRASNY DVUR
49,22508;17,66296833;ZLIN
50,159325;15,44992167;CHLUMEC NAD CIDLINO
48,99567667;15,25429667;STARE MESTO POD LAN
49,560485;13,33938167;PRICHOVICE U PRESTI
49,48212167;13,40455333;MECIN
49,82314833;13,05939167;TRPISTY
49,17675667;13,829845;DOUBRAVICE U VOLYNE
49,40302833;17,13722833;VRESOVICE U PROSTEJ
49,24211667;15,76428667;OKRISKY
49,67552;15,632365;ROZSOCHATEC
50,00362833;12,60577;KYNZVART
50,57528333;13,33289667;KALEK
48,78406;16,79451833;LEDNICE NA MORAVE -
49,314795;17,29384333;KOVALOVICE U KOJETI
49,258125;13,76673833;STECHOVICE
49,08303;13,696035;ZDIKOV
50,373215;15,52008167;SOBCICE
49,06612167;15,326985;CESKY RUDOLEC
49,339685;15,64688167;PRISEKA
49,794095;12,63220167;TACHOV
49,31434333;15,39629833;BATELOV
49,82939167;13,18384;LISTANY
49,83793333;13,90846;VELKA VISKA
48,98044167;16,14896833;VISNOVE
49,71547333;13,09398667;VLKYS
49,14113833;15,00052167;JINDRICHUV HRADEC
49,35176667;17,159555;DOLOPLAZY
49,86574167;17,87291667;HRADEC NAD MORAVICI
50,35997667;14,34775333;HORNI BERKOVICE
49,73671667;14,46426333;KRCHLEBY
49,38966;13,47744;PLANICE
48,93656;14,50975333;DOUBRAVICE U NEDABY
50,31573;14,10325333;SLAPANICE V CECHACH
50,004165;15,04210667;SVOJSICE U KOURIMI
50,15913167;14,82321167;PREROV NAD LABEM
49,74755333;14,01877;HLUBOS
49,93638;17,80785667;STEBORICE
49,37783667;14,12750667;VRAZ U PISKU
49,676935;13,50615167;STAHLAVY
49,26782333;14,00190833;STEKEN
49,54821167;17,03755333;CECHY POD KOSIREM
50,35109333;14,47162333;MELNIK
49,29192;17,2347;DRINOV U KROMERIZE
49,63582333;14,84604833;LOUNOVICE POD BLANI
49,85520667;13,25855;NEKMIR
49,554455;14,30209167;ZAHRADKA U PETROVIC
49,776885;15,02945833;KACOV
50,21623167;14,44126;PANENSKE BREZANY
49,70583833;18,61280833;ROPICE
49,52201167;17,577615;LIPNIK NAD BECVOU
49,99965833;14,55693333;PRUHONICE
50,456665;14,16100667;DOKSANY
49,75733833;16,66687167;MORAVSKA TREBOVA
48,81249167;14,31484833;CESKY KRUMLOV
49,317005;15,32980667;HORNI CEREKEV
50,14868333;12,50703833;KACEROV U KYNSPERKA
49,05470667;13,77204333;VIMPERK
50,36004;13,70385167;POSTOLOPRTY
48,75878333;16,87501667;BRECLAV
50,28116167;12,60554;JINDRICHOVICE V KRU
50,02502167;12,66773;MARIANSKE LAZNE
50,197285;14,221695;KOLEC
50,53863333;14,06620667;VELKE ZERNOSEKY
49,11596833;15,61371833;KRASONICE
49,146845;16,03590333;VALEC U HROTOVIC
50,07403167;16,43180833;DLOUHONOVICE
49,47667167;13,07403167;KANICE U DOMAZLIC
50,74134333;14,30998667;BENESOV NAD PLOUCNI
49,30471;14,3815;DRAZIC
50,78230667;14,209915;DECIN
49,87494667;14,89543333;CERNE BUDY
49,68839333;14,399305;KNOVICE
50,04366833;13,29341333;RABSTEJN
50,62796167;16,24283;MEZIMESTI
50,52790333;14,24669833;ENCOVANY
49,058375;14,16718667;NETOLICE
49,21053167;15,17673833;POPELIN
49,649985;14,361175;TREBNICE
49,76665;12,71157333;TISOVA U TACHOVA
49,29029;13,37765667;MALONICE
50,57279333;16,139555;SKALY U TEPLIC NAD
49,73002167;15,17549333;VLASTEJOVICE
49,29732833;16,73994;KRTINY
49,71369333;14,41492;RADIC
49,77866667;13,59650333;OSEK U ROKYCAN
49,139485;15,36528667;RECICE
50,06137167;17,62468333;BRANTICE
49,86992667;12,73495667;PLANA U MARIANSKYCH
50,02390667;17,030825;VELKE LOSINY
49,46547;14,90971333;VODICE U TABORA
50,164605;12,51031167;DOLNI CASTKOV
49,530895;15,453725;HERALEC
49,77388167;18,47682667;BLUDOVICE
50,31231833;15,56086167;MYSTEVES
50,23505;14,23895667;OLOVNICE
49,94093;15,09731167;CERVENY HRADEK U BE
49,22671;13,67761833;MACICE
50,28586167;15,02562833;LOUCEN
50,02150333;13,32834667;KALEC
49,56840333;15,55753167;PETRKOV
49,27576333;16,86929167;RACICE
49,54241833;16,99729833;HLUCHOV
49,068375;15,76744;LITOHOR
49,68586167;18,34560667;FRYDEK
49,92844167;17,99976833;KRAVARE VE SLEZSKU
49,95225833;18,082005;BOLATICE
49,10712667;14,01128;DUB U PRACHATIC
49,54883333;13,51729333;CHOCENICE
48,828435;16,35736667;SANOV NAD JEVISOVKO
50,32577333;14,01101833;VRANY
49,975025;17,73718;VELKE HERALTICE
49,78931;13,97824167;JINCE
49,565055;14,98128;LUKAVEC U PACOVA
49,65683;14,45076;SEDLCANY
49,94329;14,60778833;CHOMUTOVICE U DOBRE
49,23525167;13,39938333;MILINOV
50,18855167;16,21556333;CERNIKOVICE
49,904515;18,06974167;SMOLKOV
49,50656167;13,02323;CHOTIMER U BLIZEJOV
49,342475;17,99680167;VSETIN
50,15207333;15,64419833;DOBRENICE
50,38933;17,00019;JAVORNIK-MESTO
49,34944833;13,20625833;VESELI NAD UHLAVOU
50,07019;17,09010167;KOCIANOV
49,958675;13,15840833;NECTINY
50,43645167;15,35190167;JICIN
49,39451;14,480935;OPARANY
49,37120667;15,70128167;LUKA NAD JIHLAVOU
49,89550333;18,18365;HLUCIN
49,73249;15,13545333;HORKA NAD SAZAVOU
49,92621;18,27452333;SILHEROVICE
49,91320667;15,01371833;CIRKVICE U KOLINA
49,867265;16,69777;TATENICE
49,285075;15,80840333;CERVENA LHOTA
49,63623;13,94043833;VYSOKA U PRIBRAME
50,20312;15,57313167;BARCHOV
49,562995;16,50115333;KRETIN
49,63563;14,81901667;LIBOUN
48,96602167;16,22224167;SKALICE U ZNOJMA
50,1613;14,33287167;UHOLICKY
49,28516167;17,281725;VEZKY
50,63540667;14,52541667;ZAHRADKY U CESKE LI
49,67097;13,52878333;STAHLAVY - ZAMEK KO
49,59357333;17,35670833;VELKA BYSTRICE
49,260635;13,496205;HRADEK U SUSICE
49,89707;14,647725;LOJOVICE
49,962515;16,97175833;SUMPERK
48,95349;17,37615;VESELI NAD MORAVOU
49,35977;17,134815;DOBROMILICE
49,36268833;13,87999667;LAZANY U DOUBRAVICE
49,42195333;12,846435;TRHANOV
49,766135;12,91361333;SVOJSIN
50,34678;14,462375;HORIN
49,79918;17,01386333;USOV-MESTO
49,62189667;18,220375;SKLENOV
49,55104333;14,528775;JETRICHOVICE
50,12407;13,95441833;LANY
49,46448333;17,01429167;PLUMLOV
49,142725;17,20865;STRILKY
50,07064167;15,06978167;CERHENICE
49,60151167;14,619665;SMILKOV
50,43999167;13,458075;UDLICE
50,31974333;13,35201;PETIPSY
49,29052667;14,46887;BECHYNE
50,05678;13,11307833;STEDRA
50,64961167;15,90349333;ZACLER
49,75242333;12,53374333;LESNA U TACHOVA
49,75785333;12,673115;CASTKOV U TACHOVA
50,45996833;13,41392;CHOMUTOV
49,10742833;18,05310167;NAVOJNA
49,85267333;16,14650167;NOVE HRADY U SKUTCE
49,11779167;16,725005;SOKOLNICE
50,23893333;15,70571167;DOLNI PRIM
49,853875;18,543345;KARVINA-MESTO
49,85190167;12,84022833;KOREN
49,88932333;15,27206333;UMONIN
49,89084667;17,94427333;RADUN
50,18189833;14,480195;BORANOVICE
50,05519167;15,52144;SEMIN
50,19589;14,522595;MESICE U PRAHY
49,26488333;15,63017;JESTREBI U BRTNICE
49,46926833;14,05679167;RAKOVICE
49,407385;13,00265167;KOUT NA SUMAVE
50,38720667;15,21352667;STARE HRADY
50,11387833;12,48911;MOSTOV
49,78160667;14,18079667;DOBRIS
49,74517167;15,70201667;LIBICE NAD DOUBRAVO
49,246645;14,88581;CERVENA LHOTA
49,090905;15,88891833;JAROMERICE NAD ROKY
49,51085333;14,831065;RADVANOV U MLADE VO
49,643655;14,75861833;RATMERICE
49,925995;14,27472667;DOBRICHOVICE
50,39742;15,88788333;KUKS
48,99376667;16,51350833;CVRCOVICE U POHOREL
50,31377833;15,523585;OHNISTANY
49,475705;15,00462;PACOV
49,34260333;13,16090167;BEHAROV
49,222505;13,44064;PETROVICE U SUSICE
50,27783667;14,32929333;VELTRUSY
49,54686;16,71522667;SEBETOV
49,77145667;15,67804333;MALEC U CHOTEBORE
49,81224833;15,64234333;HOJESIN
50,63171667;14,42598833;STVOLINKY
49,15175833;17,09324;NESOVICE
50,08308667;16,30859833;POTSTEJN
49,11629;13,83155167;CKYNE
49,78860167;13,19672;UJEZD NAD MZI
49,76914;15,19485833;OSTROV U BOHDANCE
50,382335;13,93930667;PATEK U LOUN
49,03455667;17,8007;BOJKOVICE - NOVY SV
49,81581;15,11795;CESTIN
49,99927333;17,66203;SOSNOVA
49,06884667;14,91094167;STRAZ NAD NEZARKOU
49,219265;14,60128667;ZALSI
49,95781667;15,90884167;HROCHUV TYNEC
49,49973833;13,00898667;PRIVOZEC
50,33038667;15,27208;KOPIDLNO
49,27374667;13,17435667;DESENICE
49,86788667;15,40197833;TUPADLY U CASLAVI
49,55737333;13,95800667;BREZNICE
48,80101167;16,829285;LEDNICE NA MORAVE -
49,78641333;18,12928667;KLIMKOVICE
50,76758667;15,06246;LIBEREC
50,22372;15,66693833;HRADEK U NECHANIC
49,91462167;13,66023333;PRASNY UJEZD
49,59496667;13,98848167;TOCHOVICE
49,51748333;15,50241667;USOBI
50,044935;13,37851;ZIHLE
49,75517;18,01611333;BILOVEC-MESTO
50,10928667;14,85628333;KOUNICE
50,79728333;14,41507167;CESKA KAMENICE
49,44152333;16,21848667;MITROV
49,25763167;17,169035;PACLAVICE
49,47933167;14,533625;JISTEBNICE
50,57798667;13,814155;SVETEC
49,98305;14,58201167;DOBREJOVICE
50,50312;14,39029833;SNEDOVICE
50,30543167;14,17155833;HOSPOZIN
49,59730667;16,98824833;KRAKOVEC NA MORAVE
50,26983333;13,37197667;VELIKA VES
49,93432;17,77237;NOVY DVUR U OPAVY
49,43040833;15,72203167;JAMNE U JIHLAVY
49,777015;14,82703667;TREBESICE U DIVISOV
49,652345;14,51708;VOJKOV U VOTIC
49,68318;18,54419167;HNOJNIK
48,72649;16,97318;LANZHOT
50,77722;14,787785;LVOVA
48,90937333;17,31197;STRAZNICE NA MORAVE
48,94883333;16,31733167;MIROSLAV
49,91689667;13,54635667;LIBLIN
49,68845833;13,66119833;MIROSOV
49,525015;13,748285;STARY  SMOLIVEC
49,80875;17,987435;VYSKOVICE U SLATINY
50,62017167;16,114695;DOLNI ADRSPACH
50,39267833;15,110295;DOMOUSNICE
49,17551333;17,25999833;CETECHOVICE
49,68715;17,03138833;CHUDOBIN
49,19360167;14,446255;TRITIM
49,58479667;14,50340667;MESETICE
49,10880167;15,75522;LESONICE
49,32927833;17,20025;MORICE
50,53354667;16,160685;STARKOV
49,589925;16,891265;KONICE
50,37705667;14,95495167;VINARICE U DOBROVIC
49,51269833;14,923505;TECHOBUZ
49,09586167;17,74687833;LUHACOVICE
49,56085;16,07621167;NOVE MESTO NA MORAV
50,20483667;17,69061667;MESTYS RUDOLTICE
49,75497667;12,47263167;PAVLUV STUDENECI
50,32817667;13,810255;CITOLIBY
50,81395667;15,158215;BEDRICHOV U JABLONC
50,173295;12,63231333;SOKOLOV
49,57705;15,506725;KVASETICE U KVETINO
50,15992667;14,39794833;ROZTOKY U PRAHY
49,38923167;14,35356333;VESELICKO U MILEVSK
49,40141833;17,67386833;BYSTRICE POD HOSTYN
49,53565833;14,80991333;MLADA VOZICE
49,71189;17,90591833;FULNEK
50,08890167;17,70121167;KRNOV-HORNI PREDMES
49,43794;14,1414;VARVAZOV
49,868145;14,79708667;CHOCERADY
50,169325;15,61176;KRATONOHY
49,76096333;14,52571667;NEVEKLOV
49,91591;14,59704333;STIRIN
49,19403;17,079835;NOVE HVEZDLICE
49,44444167;15,04565833;PROSEC U POSNE
49,27576333;13,456835;MOKROSUKY
49,73523667;15,741085;BEZDEKOV U LIBICE N
50,37371;14,39492167;CITOV
49,41448667;13,77885167;POLE
49,22694667;13,70907;VOJNICE
50,29000333;14,45364667;CHLUMIN
49,62110333;14,13544;SMOLOTELY
48,99069833;15,98819667;JEVISOVICE
50,251915;14,54212167;LOBKOVICE
50,47509667;14,43995167;BROCNO
50,14153667;15,11961167;PODEBRADY
50,21859167;13,31250667;NEPOMYSL
50,29202;15,48039667;SMIDARY
49,32829167;14,01640333;BRLOH U DRHOVLE
50,25635667;15,50012667;SLOUPNO NAD CIDLINO
49,99787833;16,22588333;CHOCEN
50,193765;13,33915167;SKYTALY
49,448305;13,33577167;OTIN U TOCNIKU
50,50389333;13,780975;MIROSOVICE
50,62607333;15,08912167;RADOSTIN U SYCHROVA
49,858145;15,12727833;ZANDOV
49,932775;17,97133167;VELKE HOSTICE
48,72234833;14,51533667;MOSTKY
49,62550167;15,04945167;CECHTICE
49,75566333;14,06564833;BUKOVA U PRIBRAME
49,58039833;16,67038;BOROTIN U BOSKOVIC
50,68467333;14,54078667;CESKA LIPA
50,26022;14,300965;NELAHOZEVES
49,27031333;14,07513833;STARE KESTRANY
49,53190333;14,60844167;STREZIMIR
50,33542833;15,56091667;LISKOVICE U OSTROME
49,57713667;14,53586667;PRCICE
49,89458167;17,6755;DESTNE
50,3094;14,61273833;BYSICE
49,22984333;16,876175;HABROVANY
49,12101;17,58463667;BREZOLUPY
49,94442667;15,67067667;HERMANUV MESTEC
50,083795;14,131245;UNHOST
49,62983667;13,43178333;NEBILOVY
50,42838333;15,319195;PODHRADI U JICINA
49,78782833;14,77671833;STRIZKOV U BORENOVI
49,12695333;16,33473833;OSLAVANY
50,48516;14,02594167;CIZKOVICE
50,574445;15,055985;SVIJANY
49,890955;12,72531667;CHODOVA PLANA
49,68142;17,04453667;HANOVICE
50,20380667;14,83440167;LYSA NAD LABEM
49,22894167;14,79157833;LZIN
49,40270667;13,94706333;SKVORETICE
50,210845;12,82422;DOUBI U KARLOVYCH V
49,59207;16,23931167;DALECIN
50,26273;12,39251833;HORNI LUBY
50,36851667;15,17368;DETENICE
49,35487667;17,86512167;HOSTALKOVA
49,85299667;15,331775;HRABESIN
50,51170333;13,36226667;BLATNO U CHOMUTOVA
49,370455;17,08250667;BRODEK U PROSTEJOVA
49,00900167;17,13144667;KYJOV
50,30875667;15,17214;ROZDALOVICE
50,30993667;15,76428167;HORINEVES
50,62748833;15,60862667;VRCHLABI
50,68709833;14,64367;ZAKUPY
49,44073;16,142425;MORAVEC
49,22748333;16,19224333;JINOSOV
49,03226167;16,10789333;TAVIKOVICE
49,20699167;17,23641667;HOSTICE U LITENCIC
49,63636;14,94347167;PRAVONIN
49,64421333;17,99010667;KUNIN
50,332425;15,43588833;VYSOKE VESELI
49,64241;15,69812167;CESKA BELA
50,70548833;14,80001667;STRAZ POD RALSKEM
49,42307;13,88074333;BLATNA
50,759625;14,10048;JILOVE U DECINA
49,64700167;16,75501333;BISKUPICE U JEVICKA
49,29383;15,48804;TREST
50,098665;16,09483667;BOROHRADEK
50,47930167;14,14504833;BRNANY
49,69324333;18,50498333;HORNI TOSANOVICE
49,59299333;14,08708;ZBENICE
49,90443;15,188685;ROZTEZ
49,51851333;17,79668167;SKALICKA U HRANIC
49,78036167;14,44892;JABLONNA NAD VLTAVO
50,03766;16,43217833;ZAMPACH
49,111955;16,552035;HAJANY
49,55956167;12,76747;HOSTOUN U HORSOVSKE
48,927505;16,07934333;PLAVEC
49,17107167;16,50525667;TROUBSKO
49,440815;14,883455;OBLAJOVICE
50,55888833;15,82289333;VLCICE U TRUTNOVA
49,21357833;17,03152333;BOHDALICE
50,70430833;14,50324667;HORNI LIBCHAVA
48,88177833;14,59916167;OSTROLOVSKY UJEZD
49,87355167;16,312605;ZAHRAD
49,77298;12,85554833;OSELIN
49,467445;17,39370167;ROKYTNICE U PREROVA
49,357775;16,01236333;VELKE MEZIRICI
48,89298;15,81223333;VRANOV NAD DYJI
48,96555;15,62787;POLICE U JEMNICE
50,514;15,73800167;VESTREV
50,32656667;14,85855333;HORKY NAD JIZEROU
49,81048833;15,56406;UHROV
50,32045167;14,94150333;LUSTENICE
49,86840167;14,25859667;MNISEK POD BRDY
50,28388667;13,660255;TUCHORICE
49,51370667;14,69151;NEMYSL
50,24511333;17,636045;DIVCI HRAD
50,26961833;15,13964833;KRINEC
49,06466167;17,02520833;ZDANICE
50,53251667;14,215005;ZAHORANY U LITOMERI
50,27376;14,96204833;VLKAVA
49,74461333;15,10071833;ZRUC NAD SAZAVOU
49,602585;15,65055;POHLED
49,89702667;14,58290833;TEPTIN
49,24014333;15,07396167;NOVA VCELNICE
49,54374833;17,42745;TRSICE
50,24577833;15,205245;DYMOKURY
49,92998667;15,34040667;TREBESICE
49,902885;15,06728833;ZISOV
49,84619333;15,66038333;SEC
48,97863833;16,31851667;MIROSLAVSKE KNINICE
50,55987667;14,20018333;PLOSKOVICE
49,18669167;15,28556667;STUDENA
49,018635;15,897275;HOSTIM
50,54541333;15,19889833;HRUBA SKALA
50,553375;14,15689833;ZITENICE
50,91467833;15,084245;FRYDLANT
49,84801833;14,082805;LAZOVICE
50,596075;16,16771833;TEPLICE NAD METUJI
49,34642333;17,17245667;VICEMERICE
49,63086667;14,716395;BROUMOVICE
50,230715;14,18794167;ZVOLENEVES
48,75095167;16,760695;VALTICE
49,88207167;16,87073;ZABREH NA MORAVE
49,02222;17,75195333;NEZDENICE
49,86615;15,57963833;TREMOSNICE NAD DOUB
49,404745;13,19962833;TETETICE U BEZDEKOV
49,78478167;15,14796333;HODKOV
49,97536833;16,87600333;RUDA NAD MORAVOU
49,23093833;17,31370667;ZDOUNKY
49,89784167;17,77683833;DOLNI ZIVOTICE
49,36142167;13,36598333;MOCHTIN
49,48021167;17,96677167;KRASNO NAD BECVOU
49,87778;14,681065;PYSELY
50,44035667;14,92257167;KOSMONOSY
49,88820833;15,30179833;NOVA LHOTA
50,12591667;13,442035;PETROHRAD
49,247525;17,28202;ZBOROVICE
49,08380333;17,91385167;DIVNICE
50,04650167;14,734045;SKVOREC
49,214545;13,62989167;ZIHOBCE
49,833255;14,82672;OSTREDEK
49,70498167;17,72015833;SPALOV
50,367015;14,96366833;DOBROVICE
49,30138333;15,079035;KAMENICE NAD LIPOU
49,93676667;15,53368667;PODHORANY U RONOVA
49,20044667;17,207535;LITENCICE
49,35706667;17,36583333;CHROPYNE
49,07861;15,430175;DACICE
49,40948667;16,64422833;RAJEC NAD SVITAVOU
49,323035;16,39195;VOHANCICE
49,97346;13,64974;CHRIC
49,291255;14,56095667;SUDOMERICE U BECHYN
49,636445;17,65249167;POTSTAT-MESTO
49,52115333;15,90540333;NOVE VESELI
50,68034;15,32089;LHOTKA U ZLATE OLES
49,77220833;13,30297833;MALESICE
50,29968;13,28727667;RADONICE U KADANE
49,61520167;14,06688333;RTISOVICE
49,54892;14,61352833;CERVENY UJEZD U MIL
49,4403;15,119515;CIZKOV
49,84761;15,49270167;SKRYJE U GOLCOVA JE
49,01601833;15,57227333;JEMNICE
50,54833167;14,54597333;DUBA
50,17846667;14,40994333;KLECANY
50,15087167;17,012195;BRANNA U SUMPERKA
48,93241833;16,62427167;POUZDRANY
50,13053;16,187915;CASTOLOVICE
49,61020167;14,907675;NACERADEC
49,76019167;13,14954;ULICE
49,49272167;13,22959333;JEZOVY
49,15555667;16,16210167;KLADERUBY NAD OSLAV
49,15579333;13,75223333;DOBRS
51,01293333;14,35882;LIPOVA U SLUKNOVA
49,10343667;17,16393333;KORYCANY
49,365585;13,84386833;BRATRONICE
49,41759833;17,14266833;VYSOVICE
49,61739;14,392245;VYSOKY CHLUMEC
49,10352167;15,98181833;MYSLIBORICE
49,78561833;15,328605;DOBROVITOV
49,95408333;15,02721;ZASMUKY
49,74349667;14,78724333;JEMNISTE
49,655135;13,03327667;NEDRAZICE
49,19370833;13,80161833;NEMCICE U VOLYNE
48,85783167;16,48855333;DRNHOLEC
50,53788167;13,417145;BOLEBOR
48,92825667;14,44107833;BORSOV NAD VLTAVOU
50,70570167;14,40575833;HORNI POLICE
48,95997;14,93170167;CHLUM U TREBONE
50,26313833;16,21334667;PODBREZI
50,031995;15,19937;KOLIN
50,60819833;15,56929;HORNI BRANNA
50,01156833;15,14903;RADOVESNICE I
49,24653833;17,20800167;MORKOVICE
49,44386167;14,03388;BOUDY
49,05157333;15,66458333;BUDKOV
49,24359833;17,47465667;KVASICE
49,020245;15,10545;NOVA BYSTRICE
50,41218333;15,85542833;ZIREC MESTYS
49,74708;16,907985;ZADLOVICE
50,56212833;13,86880167;KOSTOMLATY POD MILE
49,979275;15,20749167;CERVENE PECKY
49,86735167;14,40978167;HRADISTKO POD MEDNI
50,02081667;13,98338;SYKORICE
49,756415;17,717665;KLOKOCOV U VITKOVA
49,99573167;17,78106667;LODENICE
50,28695667;12,82161333;DEPOLTOVICE
49,47057667;17,96827333;VALASSKE MEZIRICI-M
50,66375333;14,99379;CESKY DUB
50,42896333;15,58086667;LAZNE BELOHRAD
49,46632833;14,06523;CIMELICE
49,84304;14,52486;LESANY NAD SAZAVOU
50,309915;15,47463;CHOTELICE
50,40439333;14,04415333;LIBOCHOVICE
50,48410833;15,23223833;MLADEJOV V CECHACH
49,48476;16,65893667;BOSKOVICE
49,434765;14,08025167;SMETANOVA LHOTA
50,13713833;12,94924833;JAVORNA U TOUZIMI
49,02286333;16,05260833;UJEZD NAD ROKYTNOU
48,84759667;16,27378833;CESKE KRIDLOVICE
50,02442167;12,39099;STARY HROZNATOV
50,37808667;15,39251167;MILICEVES
49,991955;17,96197;OLDRISOV
49,57621333;17,96438;STARY JICIN
48,99230667;16,35953333;BOHUTICE
48,91887833;16,39332833;JIRICE U MIROSLAVI
49,18538333;14,85610667;KARDASOVA RECICE
49,052195;14,4406;HLUBOKA NAD VLTAVOU
49,09427333;15,60731833;KNINICE
49,293015;17,603295;ZERANOVICE
49,5922;12,71209333;BELA NAD RADBUZOU
49,55104333;17,33475167;VELKY TYNEC
49,73313333;15,46268833;BACKOV
49,989745;13,23437833;MANETIN
49,01016;15,451305;STARE HOBZI
50,178165;12,7141;STARE SEDLO U SOKOL
49,32968667;16,192935;OSOVA
49,55278167;15,040305;VYKLANTICE
49,550185;17,734535;HRANICE
49,0187;15,77192;NOVE SYROVICE
49,60054667;13,24552;PRESTAVLKY U DNESIC
49,47798;15,83004333;RUDOLEC
50,06729333;17,48820167;SIROKA NIVA
50,06036333;12,98196667;TOUZIM
50,54627167;15,56043333;STUDENEC U HOREK
49,08511167;17,33720333;BUCHLOVICE
49,29623333;16,52350167;KURIM
49,35650833;14,09541;NOVA VES U CIZOVE
49,8931;14,18483;SVINARE
50,13990667;13,60840667;KOLESOVICE
49,97951;15,769935;MEDLESICE
49,24130167;14,84312;DIRNA
49,51945833;13,96250167;DRAHENICE
49,10905833;16,05563833;HROTOVICE
49,43856167;18,44678;BILA
49,30586833;17,09704333;IVANOVICE NA HANE
49,82153833;17,19698333;DOLNI DLOUHA LOUCKA
49,62932167;12,59632333;ROZVADOV
49,17420333;17,53754833;POHORELICE U NAPAJE
49,888745;12,597305;BROUMOV U ZADNIHO C
50,13810333;12,57783333;DASNICE
49,36601333;16,64481333;BLANSKO
50,26936;15,50457833;SKRIVANY
50,28457333;14,27216833;UHY
49,894645;13,622205;SVINNA U HLOHOVIC
49,756995;18,0812;BRAVANTICE
49,9558;15,08341833;BECVARY
49,92588833;17,72923;HLAVNICE
50,44864;13,83681833;LIBCEVES
49,72047333;17,02990333;MLADEC
50,13422;12,2861;OSTROH
50,32716833;13,64909667;STRKOVICE
49,87275833;14,10558667;VSERADICE
50,36991167;15,63854;HORICE V PODKRKONOS
49,903765;17,74857333;LITULTOVICE
49,91423667;15,08754833;JINDICE
50,20739;16,25072167;KVASINY
49,31947167;17,61313333;PRILEPY U HOLESOVA
49,769225;18,569705;CHOTEBUZ
50,45760833;13,90024833;TREBIVLICE
49,04000833;16,20568167;TULESICE
50,27717167;15,786785;HORNI NEDELISTE
50,07145667;15,00988833;RADIM U KOLINA
48,87843167;14,54264167;KOMARICE
49,68558333;13,03152833;KOSTELEC U STRIBRA
49,21664667;15,86934833;PODKLASTERI
49,49922333;14,06446833;DOLNI NERESTCE
49,09882333;17,54968833;BILOVICE U UH HRADI
49,778045;14,659425;KONOPISTE
49,90752;17,71175333;MLADECKO
50,26642167;16,1158;OPOCNO POD ORLICKYM
